ECO-12358;C
ECO-13251;A
ECO-12620;A
ECO-12646;A
ECO-13756;B
ECO-12945;A
ECO-13044;A
ECO-13095;A
ECO-13824;A
ECO-13508;A
ECO-13179;A
ECO-13201;B
ECO-11908;D
ECO-12053;A
ECO-12757;A
ECO-13086;A
ECO-13090;A
ECO-13187;A
ECO-12968;B
ECO-13208;A
ECO-13273;A
ECO-13279;A
ECO-13292;A
ECO-13386;A
ECO-11585;A
ECO-11521;02
ECO-12056;A
ECO-12509;A
ECO-13218;A
ECO-13414;00
ECO-13514;A
ECO-13564;A
ECO-13566;A
ECO-12396;A
ECO-11302;00
ECO-11946;B
ECO-12059;B
ECO-12066;A
ECO-13124;A
ECO-13301;A
ECO-13393;01
ECO-13395;B
ECO-13448;A
ECO-13579;A
ECO-13639;A
ECO-13642;A
ECO-11588;C
ECO-12196;B
ECO-12391;A
ECO-12851;A
ECO-12963;C
ECO-13027;A
ECO-13039;B
ECO-13112;A
ECO-13113;01
ECO-13401;B
ECO-13404;A
ECO-13752;A
ECO-12180;C
ECO-12366;B
ECO-12396;B
ECO-12483;A
ECO-12516;A
ECO-12661;A
ECO-12703;D
ECO-12716;A
ECO-12952;B
ECO-12998;A
ECO-13034;A
ECO-13155;B
ECO-13349;01
ECO-13555;C
ECO-13555;D
ECO-13643;B
ECO-13814;A
ECO-13822;A
ECO-13831;A
ECO-13845;A
ECO-13918;A
ECO-13936;A
ECO-12278;A
ECO-12458;A
ECO-12516;A
ECO-12735;A
ECO-13433;B
ECO-13470;A
ECO-13746;A
ECO-13859;B
ECO-14082;A
ECO-13105;C
ECO-13162;A
ECO-13801;A
ECO-12816;A
ECO-13027;C
ECO-13052;A
ECO-13215;C
ECO-13243;D
ECO-13283;A
ECO-13387;B
ECO-13527;B
ECO-13760;C
ECO-13834;B
ECO-13881;A
ECO-13923;B
ECO-14136;A
ECO-14145;A
ECO-14152;A
ECO-14183;A
ECO-12454;C
ECO-13214;E
ECO-13504;B
ECO-13572;C
ECO-13871;A
ECO-13891;A
ECO-13900;A
ECO-13994;B
ECO-14194;A
ECO-14365;A
ECO-14434;A
ECO-11262;D
ECO-11717;A
ECO-11911;D
ECO-12370;C
ECO-12715;B
ECO-13243;C
ECO-13317;A
ECO-13407;A
ECO-13588;A
ECO-13630;A
ECO-13833;B
ECO-13917;A
ECO-14094;A
ECO-12750;A
ECO-13534;B
ECO-13566;B
ECO-13802;B
ECO-13838;B
ECO-13866;B
ECO-13939;A
ECO-13953;C
ECO-13961;A
ECO-13963;A
ECO-13994;C
ECO-14004;B
ECO-14202;B
ECO-14366;A
ECO-14438;A
ECO-12716;B
ECO-13310;C
ECO-14103;A
ECO-14192;A
ECO-11393;A
ECO-12358;E
ECO-13811;A
ECO-13994;D
ECO-14100;A
ECO-14504;A
ECO-12132;B
ECO-13175;A
ECO-13953;E
ECO-13994;E
ECO-14617;A
ECO-14619;A
ECO-13834;C
ECO-13951;A
ECO-14178;B
ECO-14313;A
ECO-14438;B
ECO-14630;A
ECO-14743;A
ECO-14212;A
ECO-13923;C
ECO-14799;A
ECO-14834;A
ECO-13935;A
ECO-13632;A
ECO-13646;B
ECO-13958;A
ECO-14120;A
ECO-14774;A
ECO-14795;A
ECO-12491;B
ECO-14222;A
ECO-13954;D
ECO-14442;C
